customer_id,name,email,city,signup_date
1,Allison Hill,donaldgarcia@example.net,Mumbai,2026-06-04
2,Leslie Johnson,robinsonwilliam@example.org,Delhi,2025-09-20
3,Matthew Gardner,shaneramirez@example.org,Jaipur,2026-02-21
4,Melissa Peterson,jasongallagher@example.org,Chennai,2024-09-22
5,Ian Cooper,lindsay78@example.org,Chennai,2025-05-02
6,Edward Fuller,barbara10@example.net,Pune,2025-01-05
7,Victoria Wyatt,jamesshawn@example.com,Mumbai,2024-11-15
8,Daniel Adams,lynchgeorge@example.net,Bangalore,2025-01-18
9,James Mayo,gabriellecameron@example.org,Mumbai,2025-01-05
10,Renee Morales,clarksherri@example.net,Ahmedabad,2025-03-13
11,Jonathan Wilkerson,ithomas@example.org,Kolkata,2026-02-10
12,Deborah Richards,icox@example.net,Delhi,2025-07-30
13,Anthony Rodriguez,laurahenderson@example.org,Delhi,2025-05-06
14,Zachary Rice,frazierdanny@example.net,Mumbai,2026-02-15
15,Martin Rodriguez,amoore@example.net,Chennai,2026-05-23
16,Valerie Gill,harrellkenneth@example.net,Chennai,2025-08-10
17,Brittany Farmer,georgetracy@example.org,Bangalore,2025-04-19
18,Sandra Parker,allenashley@example.org,Ahmedabad,2024-09-16
19,Rose Spence,davidalvarez@example.net,Delhi,2024-11-17
20,Shane Henderson,sarahcampos@example.net,Bangalore,2024-12-15
21,Jennifer Powers,samuel87@example.org,Chennai,2025-01-20
22,George Chapman,briannasmith@example.net,Bangalore,2025-11-14
23,Austin Johnson,chad34@example.net,Kolkata,2025-07-24
24,Carlos Walls,esanchez@example.com,Chennai,2024-12-06
25,Matthew Gomez,uowens@example.org,Hyderabad,2025-12-17
26,Maria Brown,lauren13@example.org,Ahmedabad,2024-12-06
27,Brenda White,ewright@example.com,Jaipur,2026-03-31
28,,novaksara@example.org,Delhi,2024-11-18
29,John Hancock,martinaaron@example.com,Pune,2025-02-02
30,Rachel Mitchell,smoore@example.org,Kolkata,2024-08-26
31,Kimberly Adkins,williamsthomas@example.net,Lucknow,2024-11-11
32,Jordan York,larsonemma@example.org,Jaipur,2025-05-21
33,Steve Sanchez,harveyrobert@example.net,Pune,2025-09-24
34,Taylor Harris,john62@example.net,Chennai,2025-11-25
35,Eugene Walton,smithchristine@example.net,Lucknow,2024-09-27
36,Daniel Baker,nicole35@example.com,Mumbai,2024-11-11
37,Joshua Turner,unknown@email.com,Mumbai,2024-09-30
38,Brandy Wilson,newtoneric@example.com,Kolkata,2025-10-24
39,Grant Watts,william40@example.org,Mumbai,2025-11-16
40,Donald Smith,danagreen@example.net,Lucknow,2025-06-20
41,Jessica Smith,landryhannah@example.org,Lucknow,2025-09-08
42,Jacob Tran,tanderson@example.com,Ahmedabad,2026-06-10
43,Valerie Williams,jason31@example.com,Jaipur,2026-03-09
44,Shelly Dickson,sarayoung@example.org,Delhi,2026-03-25
45,Sierra Johnson,kimberly63@example.com,Hyderabad,2024-11-12
46,Ashley Brennan,unknown@email.com,Bangalore,2025-03-06
47,Shelby Walker,raymondramirez@example.org,Mumbai,2026-03-04
48,Martin Ross,sheila14@example.org,Kolkata,2025-10-05
49,Deborah Rodriguez,yreed@example.com,Mumbai,2025-06-15
50,Kayla Cruz,jonathanfletcher@example.org,Bangalore,2025-08-19
51,Kimberly Ball,michaeljones@example.net,Jaipur,2025-03-25
52,Mary Martinez,william65@example.com,Ahmedabad,2026-01-04
53,Cameron Fisher,unknown@email.com,Lucknow,2025-09-27
54,Joshua Smith,jason99@example.net,Ahmedabad,2025-03-19
55,Jeremy Lewis,yleon@example.net,Chennai,2024-11-20
56,Diane Beck,clarence34@example.org,Mumbai,2026-03-30
57,Alexander Sanchez,xcarr@example.org,Delhi,2025-06-30
58,Mark Lee,psnyder@example.org,Chennai,2025-12-03
59,Stephanie Dalton,osbornejeffery@example.net,Jaipur,2025-08-18
60,Justin Lowery,bryantlaurie@example.net,Mumbai,2025-08-28
61,Linda Dodson DVM,jrivas@example.com,Chennai,2026-06-08
62,Scott Cole,maryramirez@example.net,Mumbai,2025-07-23
63,Denise Jones,jimmy55@example.net,Kolkata,2024-09-12
64,David Benson,calebrussell@example.net,Jaipur,2025-07-08
65,Daniel Fisher,gateskathy@example.com,Hyderabad,2025-07-17
66,Guy Molina,vmedina@example.net,Lucknow,2026-03-25
67,Connie Robinson,ytucker@example.com,Pune,2025-12-13
68,Jennifer Martin,ncalhoun@example.net,Lucknow,2024-08-01
69,Leslie Alvarado,dayderek@example.com,Lucknow,2024-11-30
70,James Lewis,matthew64@example.com,Chennai,2025-01-23
71,Julie Curry,cookemichael@example.net,Jaipur,2024-09-03
72,Marissa Webster,jamessmith@example.org,Mumbai,2025-01-13
73,Michael Elliott,stevenscott@example.com,Ahmedabad,2024-11-19
74,Tracey Higgins,tamirodriguez@example.org,Pune,2025-03-11
75,Susan Brooks,charlesvaughn@example.net,Bangalore,2025-01-16
76,Raymond Jefferson,hoganashlee@example.org,Chennai,2025-04-07
77,Mary Jones,alexander67@example.org,Pune,2025-06-13
78,Madison Poole,ryangross@example.net,Hyderabad,2025-02-06
79,Tamara Hampton,ugraham@example.net,Kolkata,2025-02-05
80,David Michael,nicole37@example.net,Jaipur,2025-10-29
81,Gabrielle Snyder,hunter35@example.com,Bangalore,2025-04-02
82,Kyle Beard,blackjames@example.org,Chennai,2026-01-22
83,Justin Allen,fbrewer@example.com,Lucknow,2026-03-19
84,Edward Sullivan,kevinperkins@example.com,Delhi,2025-09-14
85,Jessica Reese,michael74@example.com,Chennai,2025-01-23
86,Nathan Stewart,jamesrodgers@example.com,Delhi,2026-01-25
87,Paige Carlson,wallkenneth@example.com,Lucknow,2024-11-28
88,Michael Martinez,mccannangela@example.net,Kolkata,2024-10-18
89,Nicole Garcia,andrewstaylor@example.com,Jaipur,2025-04-02
90,Anthony Everett,ewilson@example.com,Mumbai,2025-07-28
91,Mark Brown,lisaavery@example.org,Chennai,2025-01-20
92,Phillip Obrien,kimberlyjames@example.com,Ahmedabad,2025-02-27
93,Wanda Torres,lynchjody@example.org,Lucknow,2025-11-09
94,Matthew Moore,andreamoore@example.com,Chennai,2025-06-26
95,Julie Johnson,jasmine71@example.net,Hyderabad,2025-01-09
96,Rachel Weber,ronaldstephens@example.net,Kolkata,2024-11-04
97,Samantha Jones,lauralarson@example.net,Hyderabad,2025-02-21
98,John Torres,gbender@example.net,Pune,2025-07-30
99,Kyle Preston,cassandra01@example.org,Jaipur,2025-12-17
100,Laura Sampson,barbara27@example.net,Pune,2025-11-30
101,Donald Shea,fwalters@example.org,Chennai,2025-07-12
102,Gary Santiago,marksteele@example.com,Bangalore,2025-12-08
103,Robin Pierce,qmiller@example.com,Bangalore,2024-10-10
104,Jennifer Robertson,sandovalamy@example.com,Jaipur,2024-08-23
105,Isaiah Avila,nwolf@example.com,Ahmedabad,2025-09-11
106,Dwayne Gilmore,omartinez@example.net,Kolkata,2026-03-24
107,Christopher Pierce,hdavis@example.com,Ahmedabad,2024-10-11
108,Brittany Cantu,william46@example.com,Kolkata,2025-07-13
109,Juan Reyes,unknown@email.com,Lucknow,2025-04-01
110,Katie Hoover,jessica99@example.net,Chennai,2025-07-27
111,Jill Washington,andrea86@example.com,Pune,2025-03-18
112,Veronica Allen,unknown@email.com,Bangalore,2024-08-14
113,John Mcintyre,qhughes@example.net,Hyderabad,2024-11-07
114,Andrew Shaw MD,sawyerscott@example.net,Mumbai,2025-07-01
115,Charles Pitts,charlesharrington@example.com,Delhi,2025-03-31
116,Jennifer Miller,melissa86@example.com,Mumbai,2025-11-10
117,Olivia Brennan,williamsonjimmy@example.net,Pune,2025-02-20
118,Nicole Hamilton MD,wallaceheather@example.org,Pune,2024-08-16
119,Anthony Howard,hthomas@example.com,Kolkata,2025-09-24
120,Catherine Thompson,pharvey@example.com,Ahmedabad,2025-10-07
121,Joel King,elizabeth74@example.net,Mumbai,2025-09-09
122,Jeremy Reed,danielle64@example.com,Kolkata,2026-04-29
123,Zachary Castaneda,youngashley@example.net,Kolkata,2025-02-26
124,Elizabeth Spence DDS,alan09@example.net,Ahmedabad,2025-08-01
125,Stephanie Parsons,catherinegomez@example.net,Hyderabad,2024-12-06
126,Megan Le,courtneyberger@example.net,Bangalore,2024-08-11
127,Jeremiah Riley,christopherphillips@example.net,Jaipur,2025-05-30
128,Carlos Ryan,alyssa42@example.com,Bangalore,2026-04-13
129,Tracy Phillips,linda71@example.org,Delhi,2026-02-17
130,Shannon Ramsey,zcoffey@example.net,Mumbai,2025-04-22
131,James Baker,gibsonemily@example.net,Bangalore,2025-01-31
132,Samantha Bentley,leonardthomas@example.net,Jaipur,2026-05-29
133,Erin Bishop,reidsteven@example.net,Lucknow,2025-03-03
134,Audrey Williams,torrestravis@example.org,Mumbai,2025-01-10
135,Brandy Chavez,umatthews@example.org,Jaipur,2026-05-30
136,Brett Burns,rcrosby@example.org,Kolkata,2025-12-30
137,Jeremy Sampson,cory58@example.net,Pune,2025-04-16
138,Donald Donaldson,ndavis@example.net,Hyderabad,2025-11-20
139,Alison Buchanan,vanessabuchanan@example.org,Delhi,2024-09-03
140,Kristen Willis,markhernandez@example.net,Jaipur,2024-07-14
141,William Huerta,lauren10@example.org,Bangalore,2024-07-23
142,Richard Chapman,thompsonbrian@example.net,Pune,2025-06-03
143,Nichole Alvarez,william17@example.net,Bangalore,2024-12-31
144,Amanda Logan,stephen00@example.com,Mumbai,2026-05-01
145,Michael Henry,fjones@example.com,Jaipur,2025-10-27
146,Cameron Weber,oscar98@example.com,Bangalore,2025-06-29
147,Jessica Mcguire,farrelldebra@example.net,Ahmedabad,2026-01-22
148,Jessica Beasley,dmorgan@example.com,Chennai,2025-05-31
149,Emily Edwards,nicholas27@example.org,Pune,2024-09-20
150,Anna Davis,lisa80@example.net,Lucknow,2025-09-21
151,Meagan Jenkins,uparrish@example.org,Pune,2025-02-20
152,Heather Lane,ericolson@example.org,Bangalore,2025-04-09
153,Holly Farmer,lindsaybruce@example.net,Bangalore,2025-10-31
154,Kristin Lynch,anthony44@example.com,Delhi,2025-04-10
155,Sergio Knight,vjones@example.net,Ahmedabad,2024-08-04
156,Joseph Bennett,xpeterson@example.com,Lucknow,2026-01-23
157,Todd Carlson,unknown@email.com,Hyderabad,2025-12-17
158,Jeremy Coleman,nperry@example.net,Delhi,2024-10-08
159,Brian Gregory,trose@example.org,Mumbai,2024-12-30
160,Kyle Smith,sierra24@example.com,Lucknow,2025-03-23
161,Jonathan Jordan,omarpadilla@example.net,Jaipur,2025-09-18
162,Renee Jones,grahamsteve@example.org,Chennai,2026-05-12
163,Jeffrey Sullivan,zroberts@example.org,Delhi,2025-03-21
164,Travis Stevens,christopher13@example.com,Chennai,2025-10-12
165,Blake Harrell,jeffrey21@example.net,Ahmedabad,2025-11-15
166,Jordan Bullock,michael23@example.org,Mumbai,2024-11-02
167,Christopher Hernandez,thompsonkendra@example.com,Mumbai,2025-07-07
168,Olivia Cole,michelle52@example.com,Hyderabad,2024-09-03
169,Mark Hogan,bellcharles@example.com,Mumbai,2025-06-28
170,Jacob Mitchell,gilbertwilliam@example.com,Bangalore,2025-10-05
171,Rebecca Huang,kstout@example.net,Pune,2024-12-05
172,John Hernandez,hayeslisa@example.com,Pune,2026-01-17
173,Matthew Williams,hritter@example.net,Hyderabad,2025-10-28
174,Jake Campbell,rschroeder@example.net,Bangalore,2024-08-21
175,Maria Jones,grantpaul@example.com,Pune,2026-01-25
176,Tracey Morrison,mathewaguilar@example.org,Jaipur,2025-04-09
177,Matthew Bates,brookehurley@example.com,Bangalore,2025-09-19
178,Rickey Li,lucasrodney@example.com,Ahmedabad,2024-07-26
179,Christopher Lewis,ilee@example.org,Kolkata,2024-09-09
180,Richard Romero,stanleynancy@example.net,Chennai,2024-10-21
181,Brittany White,jenniferwilliams@example.com,Bangalore,2025-12-19
182,Tracy Bishop,pyoung@example.com,Chennai,2026-04-01
183,Stephanie Lee,smurray@example.com,Jaipur,2025-08-06
184,Tracy Montoya,moniquewilliams@example.com,Kolkata,2026-05-21
185,Timothy Dawson,mitchellkathryn@example.com,Lucknow,2025-06-25
186,Brittany Kim,lisawilkerson@example.org,Hyderabad,2025-05-30
187,Jonathan Young,brooksanthony@example.org,Bangalore,2026-04-24
188,Gabriela Thomas,mitchellmaria@example.net,Hyderabad,2026-04-18
189,Michael West,bullockandrew@example.org,Mumbai,2026-04-21
190,Todd Lynch,srodriguez@example.org,Chennai,2025-03-02
191,David Fowler,fbrown@example.net,Chennai,2025-09-01
192,Jose Allen,kellysmith@example.com,Mumbai,2025-01-14
193,Chelsea Barnett,carlos88@example.net,Lucknow,2026-03-14
194,Kristen Myers DDS,qzavala@example.net,Delhi,2024-07-24
195,Austin Allen,ingramjill@example.com,Ahmedabad,2024-10-23
196,Joshua Li,mariacohen@example.net,Bangalore,2025-07-18
197,Robin Brown,mjohnson@example.org,Chennai,2026-03-18
198,Andrew Mahoney,ihays@example.com,Ahmedabad,2025-01-24
199,Matthew Mitchell,glennmartin@example.org,Chennai,2026-03-24
200,Steve Paul,lmorgan@example.com,Delhi,2025-12-31
201,,mmiller@example.org,Mumbai,2025-09-08
202,Brian Murphy,kirk96@example.org,Delhi,2025-12-29
203,Jeremy Acosta,christina64@example.net,Chennai,2026-03-18
204,Angela Walsh,william20@example.org,Mumbai,2026-05-02
205,Rachael Johnson,youngdeanna@example.com,Delhi,2025-05-05
206,Amanda Hernandez,xrush@example.com,Lucknow,2026-02-24
207,Chad Richardson,debra31@example.org,Mumbai,2026-02-03
208,Joseph Mcintyre,greenjorge@example.com,Bangalore,2024-12-25
209,Donna Hendricks DDS,taylorcharles@example.org,Chennai,2026-06-10
210,Yolanda Cochran,elizabeth18@example.net,Jaipur,2025-02-22
211,Sarah Joseph,unknown@email.com,Hyderabad,2024-12-15
212,Cynthia Snyder,angela57@example.net,Chennai,2024-10-20
213,Angelica Parker,xfox@example.com,Bangalore,2026-04-12
214,Beth Stewart,coleerin@example.com,Pune,2024-10-19
215,Penny Bowman,unknown@email.com,Ahmedabad,2026-05-17
216,Caleb Hernandez,fernandodonovan@example.org,Ahmedabad,2025-04-06
217,Kelly Campbell,kingcynthia@example.net,Hyderabad,2025-02-10
218,Eric Ferguson,brittanycarpenter@example.org,Chennai,2025-12-05
219,Stephanie Morgan,bryananthony@example.org,Hyderabad,2025-11-22
220,Deborah Clark,bmontgomery@example.com,Kolkata,2026-06-02
221,Donna Frye,zsanchez@example.net,Chennai,2025-05-23
222,Benjamin Brown,dperry@example.org,Mumbai,2025-04-02
223,Emily Higgins,theresa25@example.net,Mumbai,2025-09-21
224,David Martinez,gwright@example.org,Kolkata,2025-02-22
225,Sharon Barnes,lisapeck@example.net,Lucknow,2025-03-11
226,Christopher Ferrell,tjimenez@example.com,Kolkata,2024-07-30
227,James Bryant,jasongomez@example.org,Kolkata,2025-02-15
228,Stephen Pena MD,booneryan@example.com,Hyderabad,2026-01-28
229,Jamie Williams,hudsonjames@example.net,Delhi,2025-02-21
230,Jonathan Duran,marcia99@example.org,Mumbai,2024-10-19
231,Jennifer Norton,angela52@example.org,Delhi,2025-10-22
232,Kathryn Williams,jenniferbrock@example.net,Kolkata,2025-07-01
233,Steven Taylor,francisco94@example.net,Lucknow,2025-03-30
234,Katrina Burns,thomas05@example.com,Mumbai,2025-12-17
235,Jason Parker,carlsonjoseph@example.net,Chennai,2026-03-12
236,Laura Perez,silvageorge@example.net,Chennai,2026-01-23
237,Sarah Hernandez,anthonyvaughan@example.org,Chennai,2024-12-07
238,Erik Hernandez,roberthampton@example.com,Bangalore,2026-05-20
239,Monica Thornton,annbolton@example.com,Hyderabad,2025-08-24
240,Tyler Stevens,amy49@example.com,Pune,2024-12-08
241,Diana Evans,kellie37@example.com,Kolkata,2025-07-19
242,Timothy Pope,keith98@example.com,Pune,2026-06-07
243,Sabrina Blevins,kellyroberts@example.net,Jaipur,2024-09-11
244,Jeremy Scott,ilewis@example.com,Hyderabad,2025-09-21
245,Breanna Gilbert,johnsantiago@example.net,Chennai,2025-01-03
246,Amy Gutierrez,xgarcia@example.org,Mumbai,2024-07-16
247,Vanessa Moore,mwoods@example.com,Hyderabad,2025-03-18
248,Anthony Mack,amandasharp@example.org,Bangalore,2024-11-24
249,Ryan Peck,osbornrandy@example.com,Mumbai,2024-12-03
250,Tonya Howe,unknown@email.com,Delhi,2025-03-29
251,William Daniels,ismall@example.net,Bangalore,2025-07-10
252,Robert Rivera,twong@example.org,Delhi,2024-07-22
253,Rachel Bradley,gregorychase@example.com,Mumbai,2026-04-15
254,Garrett Morales,lopezdonald@example.com,Chennai,2025-01-20
255,James Griffin,stephanie49@example.net,Pune,2025-09-29
256,Matthew Schwartz,contrerassteven@example.org,Kolkata,2025-05-22
257,Tammy Barron,hannah45@example.net,Hyderabad,2024-12-30
258,Casey Hernandez,robert87@example.net,Hyderabad,2026-03-26
259,Colleen Wright,foxallison@example.com,Chennai,2024-09-10
260,Ashley Poole,unknown@email.com,Kolkata,2026-05-06
261,Audrey Harris,gdavis@example.com,Delhi,2026-04-01
262,Carlos Perry,hansenemily@example.com,Pune,2026-01-24
263,David Smith,bethwilliams@example.com,Kolkata,2026-01-07
264,Zachary Michael,andersenthomas@example.com,Delhi,2025-05-25
265,Chad May,ybrooks@example.com,Kolkata,2026-05-18
266,Jamie Miller,desireebailey@example.org,Jaipur,2025-09-02
267,Cameron Irwin,avilatiffany@example.com,Hyderabad,2025-12-17
268,Jessica Gray,johnreed@example.com,Jaipur,2024-12-05
269,Molly Rodriguez,bmendez@example.org,Kolkata,2024-12-19
270,Kirk Griffin,unknown@email.com,Bangalore,2025-01-10
271,Nicole Parsons,williamroberts@example.net,Hyderabad,2025-10-02
272,,joel28@example.org,Pune,2025-05-29
273,Antonio Fry,conniesimmons@example.com,Chennai,2024-08-17
274,Teresa Powers,heather62@example.com,Jaipur,2025-04-30
275,Joshua Allen,kevinzimmerman@example.com,Chennai,2024-08-25
276,Tracy Grant,paulscott@example.com,Delhi,2025-11-26
277,Jerry Watson,brettbennett@example.net,Ahmedabad,2025-10-23
278,Benjamin Ballard,timothybooth@example.com,Bangalore,2025-03-04
279,Alexis Giles,burgesskaren@example.org,Delhi,2026-01-03
280,Christine Herman,kimberly67@example.net,Lucknow,2025-11-27
281,Dennis Hunt,zowens@example.net,Delhi,2025-07-11
282,Erica Harris,robert93@example.net,Delhi,2024-11-02
283,Juan Silva,mphillips@example.com,Ahmedabad,2025-01-06
284,Roy Porter,jonathan77@example.com,Hyderabad,2024-11-19
285,Heather Taylor,iwhite@example.net,Bangalore,2024-08-26
286,Sara Jones,duranrobert@example.net,Bangalore,2025-01-07
287,Chris Robinson,nbrooks@example.net,Pune,2025-12-11
288,Susan Hopkins,unknown@email.com,Delhi,2024-07-24
289,Denise Madden,shawheidi@example.com,Bangalore,2026-03-30
290,Cassie Hull,johnharvey@example.com,Mumbai,2026-04-06
291,Robert Miller,pstevens@example.net,Pune,2025-01-03
292,Ronald Miller,davisnicholas@example.net,Mumbai,2025-07-16
293,Adam Jackson,pbruce@example.com,Ahmedabad,2025-09-24
294,Valerie Jacobson,unknown@email.com,Mumbai,2026-06-01
295,Denise Glass,rachel90@example.org,Chennai,2026-05-03
296,Tyrone Matthews,thickman@example.org,Kolkata,2025-09-23
297,Ruben Price,patrick21@example.net,Mumbai,2026-02-11
298,,petersonkayla@example.net,Ahmedabad,2025-05-16
299,Erin Walters,whenry@example.net,Chennai,2025-04-29
300,,bartonkenneth@example.org,Ahmedabad,2026-01-16
301,Derrick James,jodistewart@example.org,Ahmedabad,2024-09-21
302,Eric Ward,curtis12@example.com,Delhi,2025-06-25
303,,gomezchristopher@example.net,Ahmedabad,2026-03-13
304,James Carter,umaxwell@example.net,Mumbai,2025-01-16
305,Carolyn James,josephadams@example.org,Kolkata,2024-08-30
306,Donald Evans,unknown@email.com,Ahmedabad,2025-11-09
307,Luis Ellis Jr.,rushmartin@example.net,Ahmedabad,2025-05-03
308,Erin Cook,kevinmorrison@example.net,Bangalore,2024-12-15
309,Christopher Sanders,kelly79@example.org,Lucknow,2025-03-22
310,Robert Long,frederickjames@example.net,Jaipur,2024-11-28
311,Krista Benton,nhahn@example.com,Chennai,2026-03-23
312,Michael Fuentes,unknown@email.com,Lucknow,2025-03-04
313,Matthew Espinoza,mjones@example.com,Chennai,2025-10-07
314,Jonathon Knapp,ystephens@example.com,Jaipur,2026-01-07
315,Kimberly Little,rodriguezjohn@example.net,Kolkata,2025-04-13
316,Lonnie Hart,vrasmussen@example.com,Pune,2024-10-02
317,David Dixon,seanmyers@example.net,Jaipur,2025-10-12
318,Brittany Cuevas,agarcia@example.org,Hyderabad,2024-10-10
319,Monica Bailey,stanley38@example.com,Lucknow,2025-04-08
320,Jeffrey Horton,carlos01@example.org,Mumbai,2026-05-02
321,Brian Marsh,zacharyarnold@example.com,Delhi,2025-09-19
322,Joel Salinas,jacobsandoval@example.com,Hyderabad,2024-08-03
323,Sonya Cole,tprice@example.org,Ahmedabad,2024-12-18
324,Michael Flynn,lloydamanda@example.com,Ahmedabad,2025-03-22
325,Brian Lambert,orose@example.com,Mumbai,2025-10-18
326,James Wilson,megan92@example.net,Mumbai,2026-01-11
327,Tamara Lawrence,lawrenceallen@example.org,Bangalore,2024-12-01
328,Charles Price,baileyhenderson@example.com,Chennai,2025-11-17
329,Tamara Arias,angelaburns@example.org,Bangalore,2024-12-04
330,Jerry Brown,stephanie72@example.org,Jaipur,2026-04-06
331,Justin Delgado,acohen@example.net,Pune,2026-04-25
332,,kellyhill@example.net,Lucknow,2025-02-21
333,Jim Newton,hdunn@example.net,Mumbai,2024-10-08
334,Joshua Ritter,wolfscott@example.org,Chennai,2025-06-07
335,Ronald Potter,nancy07@example.com,Lucknow,2025-04-08
336,Angie Grimes,rowejoel@example.net,Jaipur,2025-10-11
337,Shannon Bishop,imartin@example.org,Pune,2026-04-04
338,Anthony Bell,candice25@example.net,Hyderabad,2025-02-24
339,Derek Hodge,taylorkaren@example.com,Bangalore,2024-08-27
340,Sharon Martinez DVM,dustinmorris@example.org,Jaipur,2026-02-23
341,Jenna Thomas,courtney67@example.org,Ahmedabad,2025-11-16
342,Patricia Powell,heather57@example.com,Bangalore,2025-03-23
343,Sheila Boone,simonstephen@example.net,Delhi,2026-01-04
344,Arthur Ferguson,tammysummers@example.com,Bangalore,2025-02-05
345,Drew Kelley,ashleewashington@example.com,Jaipur,2026-06-06
346,Amber Garcia,ksmith@example.com,Mumbai,2025-07-01
347,Tyler Harris,nicoleturner@example.com,Pune,2024-09-22
348,Danielle Watson,brettgarrett@example.net,Jaipur,2026-01-06
349,Jessica Davis,smiththomas@example.org,Mumbai,2025-10-16
350,Michael Smith,lisa62@example.com,Mumbai,2024-09-05
351,Brandon Shaffer,edwardsnicole@example.org,Bangalore,2025-05-05
352,Nicole Anderson,caseyelliott@example.net,Pune,2025-11-28
353,Gregory Lewis,samanthajensen@example.com,Jaipur,2026-05-10
354,Steven Taylor,unknown@email.com,Jaipur,2025-03-13
355,Danielle Newman,angelagreene@example.net,Ahmedabad,2025-02-18
356,Melissa Abbott,jamie98@example.org,Chennai,2026-02-12
357,Matthew Bowers,troyrodriguez@example.com,Lucknow,2025-11-19
358,Kelsey Levine,sarah26@example.net,Chennai,2025-06-03
359,Michael Farmer,smithcarlos@example.com,Jaipur,2024-12-26
360,Antonio Mccormick,courtney86@example.com,Bangalore,2026-01-08
361,Martin Medina,joshuacollins@example.net,Hyderabad,2024-12-16
362,Brittney Murphy,collinssamuel@example.org,Jaipur,2024-08-25
363,Tim Wilson,parkerjudith@example.net,Delhi,2024-11-25
364,,tylerreed@example.net,Mumbai,2026-03-12
365,Deanna Watson,jessica10@example.com,Kolkata,2026-03-30
366,Joseph Baker,crawfordwilliam@example.org,Jaipur,2025-08-04
367,Carol Moore,shannonemily@example.org,Delhi,2025-01-05
368,April Trevino,sanchezthomas@example.com,Delhi,2024-11-05
369,Tyler Johnson,pwalker@example.com,Lucknow,2026-01-22
370,Roger Duncan,shawrachel@example.org,Pune,2025-01-01
371,Vicki Finley,wileymichelle@example.com,Jaipur,2025-03-23
372,Jesus Wood,anne49@example.org,Pune,2025-07-07
373,Wesley Cuevas,jessicapayne@example.org,Hyderabad,2024-11-05
374,Jason Hall,cynthia05@example.org,Bangalore,2026-02-21
375,Sarah Acosta,harristonya@example.com,Kolkata,2025-07-29
376,Valerie Thomas,christopher38@example.com,Bangalore,2026-01-07
377,Judy Adkins,wagnerdana@example.com,Delhi,2024-09-08
378,Amy Bates,joelgreen@example.com,Mumbai,2026-03-26
379,Ronnie Nguyen,enelson@example.org,Mumbai,2024-10-25
380,Lauren Moore,shannonedwards@example.org,Pune,2025-09-01
381,Randy Hayes,hbaker@example.org,Bangalore,2024-11-11
382,Elizabeth Bush,lewismelissa@example.org,Delhi,2024-09-20
383,Tracy Foster,byrdjorge@example.org,Lucknow,2024-08-05
384,Sarah Hawkins,codygarcia@example.org,Ahmedabad,2024-10-14
385,Ronald Haas,jamesmorales@example.net,Bangalore,2025-11-13
386,Angela Willis,johnsoncaleb@example.net,Pune,2025-06-21
387,Anna Boone,david70@example.org,Kolkata,2025-09-30
388,Nathaniel Crawford,lvega@example.com,Pune,2024-12-25
389,Denise Griffin,austinharvey@example.org,Delhi,2025-11-26
390,Jason Pierce,millerpatrick@example.com,Jaipur,2024-12-13
391,Rebecca Wright,mayokimberly@example.com,Lucknow,2025-07-19
392,Kari Durham,paul20@example.com,Delhi,2025-10-18
393,Steven Osborne,stokesthomas@example.com,Lucknow,2026-02-27
394,Crystal Moore,dianeadams@example.net,Chennai,2024-08-24
395,Theresa Johnston,lkelly@example.org,Chennai,2025-01-11
396,Renee Wolfe,warnermichael@example.net,Mumbai,2025-09-22
397,Travis Copeland,lweaver@example.com,Lucknow,2024-08-10
398,David Robinson,nsmith@example.org,Bangalore,2026-03-30
399,Mitchell Sellers,brian29@example.net,Kolkata,2024-10-30
400,Sarah Valencia,brookssheri@example.com,Ahmedabad,2025-10-10
401,Eric Taylor,jessicakim@example.net,Pune,2025-07-25
402,Carrie Novak,jeffrey92@example.com,Chennai,2025-03-07
403,Elizabeth Thompson,rushstacy@example.com,Pune,2026-05-03
404,Traci Johnson DDS,daniellegarcia@example.com,Pune,2024-10-29
405,Blake Reed,gary15@example.com,Kolkata,2024-07-20
406,David Jones,kristin00@example.com,Delhi,2025-06-17
407,Tracy Wilkerson,wmacias@example.net,Pune,2025-04-29
408,John Shields,franciscojones@example.org,Lucknow,2025-02-26
409,Dean Garcia,george62@example.net,Kolkata,2024-09-08
410,Stephanie Davis,bbush@example.net,Chennai,2024-11-17
411,Jessica Brown,jamie36@example.net,Jaipur,2025-09-15
412,Monica Baker,kenneth10@example.com,Pune,2025-09-29
413,Katherine Brown,pattersonkelly@example.net,Mumbai,2025-11-09
414,Christina Johnson,daniellerowland@example.com,Kolkata,2026-04-28
415,Richard Ruiz,christopher86@example.org,Delhi,2025-04-26
416,Jaclyn Griffin,scott43@example.com,Hyderabad,2025-09-23
417,Paul Contreras,barnettlindsey@example.com,Chennai,2026-02-19
418,Kristen Randall,rsheppard@example.com,Chennai,2025-09-29
419,Karen Miller,shawrachel@example.net,Hyderabad,2025-12-20
420,Mrs. Tiffany Cole,teresastokes@example.org,Lucknow,2024-08-14
421,William Graham,maryscott@example.net,Jaipur,2026-03-31
422,James Sanders,melissa87@example.org,Chennai,2026-03-14
423,Laurie Harrington,perryeddie@example.net,Chennai,2025-10-07
424,Teresa Buckley,floydmikayla@example.com,Delhi,2026-05-24
425,James Washington,rjohnson@example.com,Chennai,2024-10-31
426,Melanie Morales,vpreston@example.net,Kolkata,2025-01-12
427,John Adams,andrew44@example.com,Lucknow,2026-04-27
428,Michael Garcia PhD,kevinmanning@example.com,Jaipur,2025-02-06
429,Lisa Davis,alewis@example.net,Mumbai,2025-07-23
430,Sharon Nicholson,unknown@email.com,Jaipur,2024-10-25
431,Kelly Carroll,jameswhitaker@example.org,Lucknow,2025-01-21
432,Anthony Ward,joshuacolon@example.net,Bangalore,2025-05-16
433,Becky Johnson,tracy72@example.com,Kolkata,2025-10-10
434,Hailey Monroe,kaitlyn14@example.org,Bangalore,2025-05-08
435,Scott Chan,mercedesholland@example.net,Lucknow,2024-12-19
436,Jason Smith,wellsdavid@example.org,Delhi,2025-10-21
437,Courtney Franklin,unknown@email.com,Mumbai,2026-05-04
438,David Owens,asilva@example.net,Jaipur,2025-12-08
439,Sara Hoffman,kenneth17@example.org,Pune,2025-03-30
440,Margaret Hensley MD,jacob83@example.org,Ahmedabad,2026-03-29
441,Rhonda Powell,erin07@example.com,Jaipur,2025-01-29
442,Jennifer Doyle,matthewreeves@example.net,Delhi,2025-08-31
443,Karen Shepard,william28@example.org,Mumbai,2025-02-25
444,Carl Green,staceylam@example.net,Ahmedabad,2024-09-19
445,Daniel Savage,vfrench@example.com,Kolkata,2025-01-30
446,Julie Wilson,delacruzbrandy@example.net,Lucknow,2024-09-05
447,Cory Wilson,amoreno@example.org,Lucknow,2026-05-19
448,Brenda Gonzalez,dbenitez@example.org,Kolkata,2025-03-14
449,Catherine Miller,crystal25@example.net,Ahmedabad,2024-08-26
450,Donald Juarez,barbaramoore@example.org,Bangalore,2024-10-20
451,Madeline Powell,creyes@example.net,Mumbai,2024-12-13
452,Tiffany Mcclain,andrewsmith@example.net,Kolkata,2025-01-21
453,Shawn Collins,reyesbrianna@example.org,Ahmedabad,2024-08-31
454,Elizabeth Carter,ryan25@example.com,Chennai,2025-04-17
455,,osmith@example.net,Jaipur,2024-10-21
456,Alex Wagner,richardsondebra@example.org,Delhi,2025-04-29
457,Dawn Nichols,unknown@email.com,Kolkata,2025-12-01
458,Amber Wilson,jjames@example.com,Delhi,2025-07-15
459,Christine Jennings,turnerdorothy@example.net,Bangalore,2025-08-20
460,Larry Taylor,huntchristine@example.com,Bangalore,2024-10-08
461,Kathleen Lynch,marie35@example.net,Chennai,2025-05-26
462,Andrew Crawford,haleycastillo@example.org,Lucknow,2024-07-14
463,Brandon Rodriguez,fhernandez@example.net,Kolkata,2024-09-08
464,Ashley Scott,stephenmadden@example.com,Mumbai,2025-07-07
465,Robert Sawyer,michael56@example.net,Lucknow,2024-10-10
466,Peter Williams,elizabethjackson@example.com,Ahmedabad,2026-06-06
467,Marco Johns,watsonmatthew@example.org,Lucknow,2025-05-19
468,Jesus Houston,unknown@email.com,Mumbai,2024-10-07
469,Nicholas Jarvis,dalepruitt@example.com,Jaipur,2026-03-27
470,Jessica Carr,cheryl27@example.com,Bangalore,2024-10-07
471,Jessica Brown,alexander89@example.net,Jaipur,2025-09-23
472,Tyler Marks,reynoldsjessica@example.com,Kolkata,2025-04-06
473,Margaret Hernandez,smithsarah@example.net,Lucknow,2026-05-02
474,Jon Martin,vflores@example.com,Kolkata,2024-08-20
475,Krista Gray,christianwallace@example.net,Jaipur,2025-06-25
476,Jonathan Stewart,bmcgee@example.org,Bangalore,2025-05-21
477,Justin Smith,connersylvia@example.net,Pune,2025-03-05
478,Kristina Pena,xclements@example.org,Chennai,2026-04-07
479,Jesse Castro,xmoran@example.net,Kolkata,2025-06-28
480,Peter Walker,michael48@example.net,Kolkata,2025-04-28
481,Amber Martin,lydianewton@example.com,Pune,2024-10-03
482,Craig Martinez,ylewis@example.org,Ahmedabad,2026-01-19
483,Peter Williams,bartonshannon@example.net,Ahmedabad,2025-10-12
484,Brandy Porter,tranryan@example.net,Jaipur,2025-07-22
485,Priscilla Kent,jessicaanderson@example.com,Kolkata,2025-12-04
486,,mbarnes@example.net,Bangalore,2026-02-24
487,James Cooper,shawn22@example.com,Delhi,2025-10-22
488,Nicole Evans,jennifer83@example.org,Jaipur,2024-12-21
489,Donna Reed,tinasantos@example.org,Jaipur,2025-08-07
490,Mallory Page,anna99@example.net,Chennai,2026-01-14
491,Paul Skinner,natalie60@example.net,Kolkata,2024-10-02
492,Charles Santiago,josephfloyd@example.com,Ahmedabad,2025-12-24
493,Ryan Vaughn,james80@example.com,Ahmedabad,2026-04-05
494,Luis Lowe,juliahoffman@example.org,Lucknow,2025-08-12
495,Rebecca Roberts,housepaul@example.net,Hyderabad,2025-03-11
496,Amy Manning,christinenorman@example.com,Hyderabad,2026-04-17
497,Mark Mckinney,kari89@example.org,Hyderabad,2026-03-06
498,Cheryl Cole,lopezglenn@example.net,Chennai,2024-10-12
499,Jeffrey Hawkins,eugenesingleton@example.org,Bangalore,2025-03-25
500,Timothy Williams,candice94@example.com,Hyderabad,2026-03-17
